PARTICIPANT;2/25/2021
PERSON 45;0
PERSON 65;0
PERSON 52;0
PERSON 5;0
PERSON 64;0
PERSON 59;1
PERSON 20;1
PERSON 49;1
PERSON 63;1
PERSON 62;1
PERSON 61;1
PERSON 60;1
PERSON 54;1
PERSON 7;1
PERSON 58;1
PERSON 57;1
PERSON 56;1
PERSON 55;1
PERSON 50;1
PERSON 53;1
PERSON 48;1
PERSON 51;1
PERSON 46;1
PERSON 3;1
PERSON 47;1
PERSON 44;1
PERSON 43;1
PERSON 40;1
PERSON 41;1
PERSON 39;1
PERSON 38;1
PERSON 12;1
PERSON 42;1
PERSON 37;1
PERSON 30;1
PERSON 36;1
PERSON 35;1
PERSON 32;1
PERSON 33;1
PERSON 29;1
PERSON 31;1
PERSON 25;1
PERSON 26;1
PERSON 28;1
PERSON 34;1
PERSON 19;1
PERSON 22;1
PERSON 27;1
PERSON 11;1
PERSON 21;1
PERSON 17;1
PERSON 13;1
PERSON 14;1
PERSON 23;1
PERSON 6;1
PERSON 15;1
PERSON 16;1
PERSON 9;1
PERSON 24;1
PERSON 18;1
PERSON 10;1
PERSON 2;1
PERSON 8;1
PERSON 4;1
